"pos","pick","fitted_cost","n_cost","mean_cost","last_cost","var_cost","range_cost","fitted_points","last_points","n_points","mean_points","var_points","range_points","cluster","mean_cluster_cost","range_cluster_cost","mean_cluster_points","range_cluster_points","range_cluster_picks"
"QB",1,98.417433698842,3,96.7,103,86.3,"86, 103",20.0070125983715,18.6964705882353,5,19.9,2.3,"17.9, 21.3",4,96,"91, 98",20.1,"19.8, 20.5","1, 3"
"QB",2,97.8218387814475,4,99.5,106,206.3,"78, 108",20.5036245578593,18.78375,5,20.4,12.3,"17.3, 26.1",4,96,"91, 98",20.1,"19.8, 20.5","1, 3"
"QB",3,91.1772183002909,3,96,109,283,"77, 109",19.7951212758741,21.1888888888889,5,21.4,5.9,"17.6, 24.1",4,96,"91, 98",20.1,"19.8, 20.5","1, 3"
"QB",4,77.7011516259169,4,78.2,75,111.6,"68, 93",18.6324179147608,15.34,5,16.4,2,"15.3, 18.7",2,78,"78, 78",18.6,"18.6, 18.6","4, 4"
"QB",5,62.8686293352307,2,56,76,800,"36, 76",18.1483635053681,20.4484210526316,5,19.8,12.3,"15.1, 24.8",1,58,"54, 63",17,"15.6, 18.1","5, 8"
"QB",6,55.7028423216624,5,58.6,68,310.3,"39, 75",18.1417007966714,18.6684210526316,5,17.4,2.4,"15.5, 19.2",1,58,"54, 63",17,"15.6, 18.1","5, 8"
"QB",7,58.1938836507996,3,52,58,252,"34, 64",16.1735868679552,17.62125,5,16.5,1.3,"15, 17.6",1,58,"54, 63",17,"15.6, 18.1","5, 8"
"QB",8,54.1175432033202,4,60.8,88,574.2,"34, 88",15.5984019128817,14.66,5,15.1,1.8,"14.1, 17.1",1,58,"54, 63",17,"15.6, 18.1","5, 8"
"QB",9,46.1746974683869,3,40,39,507,"18, 63",15.7022518275773,16.2426666666667,5,15.9,17.3,"8.8, 19.1",3,44,"38, 46",15.4,"14.6, 15.9","9, 12"
"QB",10,45.419082137171,4,43.5,64,381.7,"17, 64",15.8777486267268,17.7364705882353,5,15.9,2.4,"14.4, 17.7",3,44,"38, 46",15.4,"14.6, 15.9","9, 12"
"QB",11,45.7901509650379,4,53,67,375.3,"33, 72",15.2022626436299,17.08375,5,15.2,29.2,"7.3, 21.7",3,44,"38, 46",15.4,"14.6, 15.9","9, 12"
"QB",12,37.8078044106795,2,23,30,98,"16, 30",14.6460403800208,15.67375,5,14.4,2.6,"12.2, 16",3,44,"38, 46",15.4,"14.6, 15.9","9, 12"
"QB",13,33.1578107895039,3,36.3,50,296.3,"17, 50",14.2437062991568,9.61777777777778,5,14.6,10.5,"9.6, 18.2",5,27,"21, 33",14.8,"14.2, 15.4","13, 17"
"QB",14,30.6972392083314,4,33.2,42,451.6,"6, 56",14.4052387097952,16.50625,5,14,22.3,"8.4, 20.4",5,27,"21, 33",14.8,"14.2, 15.4","13, 17"
"QB",15,24.8601593355586,4,20,20,132.7,"7, 35",14.7856115513927,20.1978947368421,5,15.2,14,"10.9, 20.2",5,27,"21, 33",14.8,"14.2, 15.4","13, 17"
"QB",16,23.6104772793329,5,26,28,165.5,"7, 42",15.3603425641437,13.52,5,15.1,3.2,"13.2, 17",5,27,"21, 33",14.8,"14.2, 15.4","13, 17"
"QB",17,20.9830257887558,5,21.2,36,180.7,"4, 36",15.413815730289,18.1988235294118,5,15.5,4.1,"13.4, 18.2",5,27,"21, 33",14.8,"14.2, 15.4","13, 17"
"QB",18,12.785796537069,3,10.7,23,126.3,"1, 23",14.0643238460107,17.2166666666667,5,14.5,13.9,"10.3, 18.1",6,6,"1, 13",13.2,"12.1, 14.5","18, 29"
"QB",19,11.0941466473825,3,10,18,64,"2, 18",12.2564963187724,10.47,3,10.7,1.7,"9.5, 12.1",6,6,"1, 13",13.2,"12.1, 14.5","18, 29"
"QB",20,13.2413956963243,3,16,33,247,"2, 33",12.0792060400565,12.7,3,11.1,2.2,"9.8, 12.7",6,6,"1, 13",13.2,"12.1, 14.5","18, 29"
"QB",21,10.6478723655947,3,9.7,17,56.3,"2, 17",12.9413014000291,16.68,3,14.1,5.4,"12.2, 16.7",6,6,"1, 13",13.2,"12.1, 14.5","18, 29"
"QB",22,6.79785561132956,3,7.7,10,34.3,"1, 12",14.0014596948209,17.93625,3,15.6,4.3,"14.1, 17.9",6,6,"1, 13",13.2,"12.1, 14.5","18, 29"
"QB",23,5.20324433370849,3,1.3,1,0.3,"1, 2",14.5099810894892,12.93,3,11.2,12.5,"7.2, 13.6",6,6,"1, 13",13.2,"12.1, 14.5","18, 29"
"QB",24,3.88246414875349,3,6.7,18,96.3,"1, 18",13.437254352793,17.5477777777778,3,17.4,29.9,"11.9, 22.8",6,6,"1, 13",13.2,"12.1, 14.5","18, 29"
"QB",25,3.02184845665634,1,6,6,NA,"6, 6",13.1735380532698,7.61,2,9.7,9,"7.6, 11.9",6,6,"1, 13",13.2,"12.1, 14.5","18, 29"
"QB",26,2.42275612695533,1,1,1,NA,"1, 1",12.996644526563,5.45666666666667,1,5.5,NA,"5.5, 5.5",6,6,"1, 13",13.2,"12.1, 14.5","18, 29"
"QB",27,1.88458683937374,1,2,2,NA,"2, 2",12.9506230652458,15.7085714285714,1,15.7,NA,"15.7, 15.7",6,6,"1, 13",13.2,"12.1, 14.5","18, 29"
"QB",28,1.34537343956147,1,1,1,NA,"1, 1",13.0093746742457,15.9923076923077,1,16,NA,"16, 16",6,6,"1, 13",13.2,"12.1, 14.5","18, 29"
"QB",29,0.895131846239597,1,1,1,NA,"1, 1",13.2083407465961,12.155,1,12.2,NA,"12.2, 12.2",6,6,"1, 13",13.2,"12.1, 14.5","18, 29"
"RB",1,106.828668320301,2,108,102,72,"102, 114",14.4043896277372,10.7125,5,14.5,5.9,"10.7, 17.3",13,107,"107, 107",14.4,"14.4, 14.4","1, 1"
"RB",2,100.418148342193,4,102.5,97,27.7,"97, 107",13.894685100532,9.3,5,13.1,13,"9.3, 17.3",4,97,"94, 100",13.7,"13.5, 13.9","2, 3"
"RB",3,94.2956598415526,1,94,94,NA,"94, 94",13.4690340520708,14.2333333333333,5,15.8,13.3,"12.1, 20.1",4,97,"94, 100",13.7,"13.5, 13.9","2, 3"
"RB",4,88.4885324600955,4,83,84,618,"48, 105",13.1031456223827,14.94375,5,11.9,6.5,"9.2, 14.9",15,86,"83, 88",13,"12.8, 13.1","4, 5"
"RB",5,82.9508230932913,3,83.7,96,126.3,"74, 96",12.7993447958051,13.8777777777778,5,10.7,11.7,"6.6, 14.2",15,86,"83, 88",13,"12.8, 13.1","4, 5"
"RB",6,77.6463617321064,1,81,81,NA,"81, 81",12.5434288510849,5.48,5,12.9,24,"5.5, 18.7",6,75,"73, 78",12.4,"12.3, 12.5","6, 7"
"RB",7,72.6623583900171,3,78.3,69,186.3,"69, 94",12.3459395783566,16.5684210526316,5,13.6,9.8,"10.7, 17.3",6,75,"73, 78",12.4,"12.3, 12.5","6, 7"
"RB",8,67.9931899909931,3,57,71,988,"21, 79",12.3639754230256,17.9944444444444,5,12.1,24.6,"6, 18",7,66,"63, 68",12.4,"12.4, 12.4","8, 9"
"RB",9,63.4634368917413,3,64.7,66,145.3,"52, 76",12.3867419252373,10.7214285714286,5,12.6,10.3,"7.9, 15.4",7,66,"63, 68",12.4,"12.4, 12.4","8, 9"
"RB",10,59.095420765066,4,60.5,73,205.7,"44, 73",12.0046959325021,6.16363636363636,5,10,9,"6.2, 12.8",10,57,"55, 59",11.8,"11.6, 12","10, 11"
"RB",11,54.8742216354924,4,61.2,62,20.9,"55, 66",11.5550849814449,18.1153846153846,5,14.2,25.6,"6.8, 18.6",10,57,"55, 59",11.8,"11.6, 12","10, 11"
"RB",12,50.5158385384743,4,45.5,57,160.3,"28, 57",11.1382297163908,10.68125,5,11,6.3,"8.1, 14.7",5,48,"46, 51",11,"10.8, 11.1","12, 13"
"RB",13,46.3213200267832,5,44.4,37,104.8,"35, 60",10.7763861419917,10.9583333333333,5,10,14.1,"4.5, 14.1",5,48,"46, 51",11,"10.8, 11.1","12, 13"
"RB",14,41.9503819566208,2,56,66,200,"46, 66",10.5276900203975,17.96875,5,10.1,27,"3.4, 18",9,40,"38, 42",10.5,"10.5, 10.6","14, 15"
"RB",15,37.9225421458106,4,36,69,600.7,"10, 69",10.5531075813966,5.14444444444444,5,9.6,17.2,"5.1, 16.4",9,40,"38, 42",10.5,"10.5, 10.6","14, 15"
"RB",16,34.9274361240848,5,31.4,43,542.8,"2, 64",10.6143703725134,6.475,5,11.4,32.8,"6.5, 20.4",8,31,"29, 35",10.3,"9.6, 10.8","16, 21"
"RB",17,32.5078020887873,4,33.8,37,69.6,"26, 44",10.7289190557629,6.85789473684211,5,11,8.1,"6.9, 14.1",8,31,"29, 35",10.3,"9.6, 10.8","16, 21"
"RB",18,31.3196582047699,4,29.8,22,533.6,"6, 61",10.7829683757774,9.86363636363637,5,10.3,1.8,"9.2, 12.6",8,31,"29, 35",10.3,"9.6, 10.8","16, 21"
"RB",19,30.4923540535927,4,32.2,20,257.6,"20, 55",10.4101095294875,4.37142857142857,5,11.5,17.9,"4.4, 14.6",8,31,"29, 35",10.3,"9.6, 10.8","16, 21"
"RB",20,29.8949143957135,5,28.8,35,17.2,"25, 35",9.96962523917262,5.14444444444444,5,11.1,13.7,"5.1, 13.8",8,31,"29, 35",10.3,"9.6, 10.8","16, 21"
"RB",21,29.1669818713252,5,29.2,30,48.7,"23, 40",9.5572940862689,9.61666666666667,5,7.2,9,"4.5, 11.1",8,31,"29, 35",10.3,"9.6, 10.8","16, 21"
"RB",22,27.1811353129869,5,30,44,77.5,"22, 44",9.06269528876842,9.05625,5,8.1,1.8,"6.7, 9.8",12,25,"22, 27",8.6,"8.2, 9.1","22, 24"
"RB",23,24.8461069619927,5,25.4,15,155.3,"11, 40",8.57234826373348,NA,5,9.9,3.6,"8.1, 12.2",12,25,"22, 27",8.6,"8.2, 9.1","22, 24"
"RB",24,21.7401572135134,5,19.2,15,32.2,"15, 29",8.21485733473645,10.75625,5,10.2,2.7,"7.7, 12.2",12,25,"22, 27",8.6,"8.2, 9.1","22, 24"
"RB",25,18.4850058702659,5,22.4,43,175.8,"7, 43",7.94895127093552,5.81666666666667,5,6.8,10.7,"3.4, 11.8",14,17,"16, 18",7.9,"7.8, 7.9","25, 26"
"RB",26,15.5989039974898,5,13,7,42,"7, 20",7.76249665302384,5.7125,5,6.9,8.5,"3, 10.7",14,17,"16, 18",7.9,"7.8, 7.9","25, 26"
"RB",27,13.646008150265,5,11.4,5,102.8,"1, 25",7.61959007293541,4.90625,5,7.5,9.5,"4.9, 11.9",2,12,"10, 14",7.7,"7.6, 7.8","27, 32"
"RB",28,12.2093998412822,5,15.2,1,84.2,"1, 23",7.63710622228312,1.51818181818182,5,7.5,17.3,"1.5, 11.6",2,12,"10, 14",7.7,"7.6, 7.8","27, 32"
"RB",29,11.601714925711,5,10.2,4,41.2,"4, 20",7.7024469883644,6.05333333333333,5,8.3,25.3,"4.8, 17",2,12,"10, 14",7.7,"7.6, 7.8","27, 32"
"RB",30,11.3049712537817,5,12,2,43.5,"2, 20",7.76887615563343,7.1,5,8,18,"3.7, 14.3",2,12,"10, 14",7.7,"7.6, 7.8","27, 32"
"RB",31,11.0596028285753,5,9.8,12,27.2,"2, 16",7.81582448648357,8.1,5,7.8,7.5,"4.2, 11.7",2,12,"10, 14",7.7,"7.6, 7.8","27, 32"
"RB",32,10.0926592988329,5,12.8,2,54.7,"2, 21",7.66661823282542,11.61875,5,7.9,10.2,"3.6, 11.6",2,12,"10, 14",7.7,"7.6, 7.8","27, 32"
"RB",33,9.06384179804741,5,8.2,1,74.7,"1, 19",7.48854342524757,7.04,5,6.4,4.8,"3.4, 8.6",1,7,"6, 9",7.3,"7.1, 7.6","33, 39"
"RB",34,8.11249582164757,5,8,3,52.5,"2, 20",7.30818512529878,8.61428571428571,5,8.4,11.3,"5.1, 13.3",1,7,"6, 9",7.3,"7.1, 7.6","33, 39"
"RB",35,7.55814080828923,5,6.4,3,45.3,"1, 18",7.15446976676243,7.2,5,6.6,0.9,"5.5, 7.8",1,7,"6, 9",7.3,"7.1, 7.6","33, 39"
"RB",36,7.07670796972083,5,6.4,7,11.3,"1, 10",7.07705395347806,8,5,7.1,0.9,"5.8, 8",1,7,"6, 9",7.3,"7.1, 7.6","33, 39"
"RB",37,6.83869801651753,5,8,9,12.5,"2, 11",7.20269528020299,4.43571428571429,5,8.4,9.9,"4.4, 11.7",1,7,"6, 9",7.3,"7.1, 7.6","33, 39"
"RB",38,6.57308936367995,5,8.4,1,59.3,"1, 20",7.36615245351339,3.62,5,5.7,4.3,"3.5, 8.1",1,7,"6, 9",7.3,"7.1, 7.6","33, 39"
"RB",39,5.91256207877855,5,3.6,2,8.3,"1, 8",7.64877805862074,2.4,5,6.6,24.8,"1.6, 13.9",1,7,"6, 9",7.3,"7.1, 7.6","33, 39"
"RB",40,4.69423209529461,5,6,1,15.5,"1, 10",7.86129737517167,12.5307692307692,5,9.6,16.7,"4.1, 13.3",11,2,"1, 5",7.3,"6.2, 8","40, 62"
"RB",41,3.45614096769296,5,2.8,1,16.2,"1, 10",7.79742845415416,11.4470588235294,5,7.6,8.6,"4.2, 11.4",11,2,"1, 5",7.3,"6.2, 8","40, 62"
"RB",42,2.63532945867064,5,3.6,1,12.8,"1, 8",7.5824447771806,3.58125,5,8.4,33.9,"2.3, 16.9",11,2,"1, 5",7.3,"6.2, 8","40, 62"
"RB",43,2.33143688716554,5,1.2,2,0.2,"1, 2",6.89196434062119,7.91875,5,6.7,10.6,"1.9, 10.7",11,2,"1, 5",7.3,"6.2, 8","40, 62"
"RB",44,2.17689837852407,5,1,1,0,"1, 1",6.16535084509181,7.26428571428571,5,7,15.4,"2.1, 12.5",11,2,"1, 5",7.3,"6.2, 8","40, 62"
"RB",45,2.11259268967807,6,3.7,2,7.1,"1, 7",5.46307621626107,3.475,6,4.5,3.6,"2.7, 7.7",3,1,"1, 2",5,"4.1, 6.2","45, 60"
"RB",46,1.95226358858328,4,2.5,1,1.7,"1, 4",5.15947374659577,5.2625,4,3.2,7,"0.4, 5.7",3,1,"1, 2",5,"4.1, 6.2","45, 60"
"RB",47,1.80769233066865,5,1.2,1,0.2,"1, 2",4.98502309592403,11.64,5,5.2,12.9,"3.3, 11.6",3,1,"1, 2",5,"4.1, 6.2","45, 60"
"RB",48,1.61173790397952,5,1.6,1,1.8,"1, 4",5.14586617203753,6.5,5,6.5,22.6,"2.6, 14.5",3,1,"1, 2",5,"4.1, 6.2","45, 60"
"RB",49,1.36350121055198,5,1,1,0,"1, 1",5.30807824531156,6.94444444444444,5,5.9,3,"2.9, 7.4",3,1,"1, 2",5,"4.1, 6.2","45, 60"
"RB",50,1.13459517064718,5,1,1,0,"1, 1",5.35295341541337,3.86153846153846,5,4.1,8.4,"1.4, 8.9",3,1,"1, 2",5,"4.1, 6.2","45, 60"
"RB",51,1.07811166709657,4,1.8,1,0.9,"1, 3",5.08485393361204,8.38125,4,5.7,19.9,"0.1, 10.1",3,1,"1, 2",5,"4.1, 6.2","45, 60"
"RB",52,1.08259431646055,4,1,1,0,"1, 1",4.71112458685139,9.78,4,6.6,16.4,"0.9, 9.8",3,1,"1, 2",5,"4.1, 6.2","45, 60"
"RB",53,1.17180075949582,4,1.2,1,0.2,"1, 2",4.44500292282595,1.87,4,3.3,1.4,"1.9, 4.7",3,1,"1, 2",5,"4.1, 6.2","45, 60"
"RB",54,1.27360423372713,4,1,1,0,"1, 1",4.23576896929862,6.6,4,3.6,4.9,"1.6, 6.6",3,1,"1, 2",5,"4.1, 6.2","45, 60"
"RB",55,1.30881810218626,4,1,1,0,"1, 1",4.14258843204483,2.4,4,2.9,0.1,"2.4, 3.3",3,1,"1, 2",5,"4.1, 6.2","45, 60"
"RB",56,1.32991570878798,4,1.5,1,0.3,"1, 2",4.26622217916846,9.08888888888889,4,4.3,13.5,"1.4, 9.1",3,1,"1, 2",5,"4.1, 6.2","45, 60"
"RB",57,1.32116441492363,3,2.7,6,8.3,"1, 6",4.5104801498989,1.65,3,3.5,4.4,"1.6, 5.8",3,1,"1, 2",5,"4.1, 6.2","45, 60"
"RB",58,1.29758863951895,3,1,1,0,"1, 1",4.91934657635937,0.9375,3,4,11,"0.9, 7.5",3,1,"1, 2",5,"4.1, 6.2","45, 60"
"RB",59,1.25867730927877,2,1,1,0,"1, 1",5.47750849051762,5.52666666666667,2,4.9,0.8,"4.3, 5.5",3,1,"1, 2",5,"4.1, 6.2","45, 60"
"RB",60,1.20391935090794,1,1,1,NA,"1, 1",6.17865976354198,4.33571428571429,1,4.3,NA,"4.3, 4.3",3,1,"1, 2",5,"4.1, 6.2","45, 60"
"RB",61,1.13280369111129,1,1,1,NA,"1, 1",7.01649426660076,14.62,1,14.6,NA,"14.6, 14.6",11,2,"1, 5",7.3,"6.2, 8","40, 62"
"RB",62,1.04481925659364,1,1,1,NA,"1, 1",7.98470587086226,6.07692307692308,1,6.1,NA,"6.1, 6.1",11,2,"1, 5",7.3,"6.2, 8","40, 62"
"TE",1,41.6902815010684,5,41.6,69,294.8,"22, 69",10.0602666609939,9.66,5,10,2,"8.8, 12.4",1,42,"42, 42",10.1,"10.1, 10.1","1, 1"
"TE",2,26.7001302567521,2,27.5,31,24.5,"24, 31",10.8831337369269,9.70769230769231,5,11,5.8,"7.6, 13.8",2,21,"18, 27",8.3,"6.1, 10.9","2, 6"
"TE",3,20.2,5,20.2,41,139.7,"12, 41",9.41861111111112,12.3777777777778,5,9.4,3.5,"7.8, 12.4",2,21,"18, 27",8.3,"6.1, 10.9","2, 6"
"TE",4,23.6,5,23.6,24,14.3,"21, 30",6.08027564102564,2.83846153846154,5,6.1,5.8,"2.8, 8.3",2,21,"18, 27",8.3,"6.1, 10.9","2, 6"
"TE",5,17.6,5,17.6,11,23.3,"11, 24",7.78369444444444,5.44,5,7.8,3.1,"5.4, 9.5",2,21,"18, 27",8.3,"6.1, 10.9","2, 6"
"TE",6,18.2,5,18.2,27,33.7,"13, 27",7.34244444444444,6.31666666666667,5,7.3,10.8,"4.5, 12.7",2,21,"18, 27",8.3,"6.1, 10.9","2, 6"
"TE",7,13.6,5,13.6,13,71.3,"4, 27",5.92375263951734,3.9,5,5.9,3.4,"3.9, 8.9",4,8,"5, 14",6.2,"4.8, 8.7","7, 14"
"TE",8,7,5,7,1,14.5,"1, 11",6.1904582590612,4.04545454545455,5,6.2,2.5,"4, 7.9",4,8,"5, 14",6.2,"4.8, 8.7","7, 14"
"TE",9,9.6,5,9.6,4,53.3,"4, 22",4.82526190476191,4.16666666666667,5,4.8,1.8,"3, 6.3",4,8,"5, 14",6.2,"4.8, 8.7","7, 14"
"TE",10,5.8,5,5.8,4,14.7,"1, 11",8.72757739938081,8.13333333333333,5,8.7,15.9,"4.1, 15",4,8,"5, 14",6.2,"4.8, 8.7","7, 14"
"TE",11,6,5,6,1,36.5,"1, 16",4.8575,5.3875,5,4.9,1.6,"2.8, 6.2",4,8,"5, 14",6.2,"4.8, 8.7","7, 14"
"TE",12,3,5,3,1,15.5,"1, 10",5.58325,7.975,5,5.6,7,"1.3, 8",3,1,"1, 3",4.6,"1.4, 6.1","12, 21"
"TE",13,2.2,5,2.2,1,7.2,"1, 7",6.0847794117647,2.26,5,6.1,11.4,"2.3, 10.2",3,1,"1, 3",4.6,"1.4, 6.1","12, 21"
"TE",14,4.8,5,4.8,1,24.7,"1, 12",6.64268237807944,9.63125,5,6.6,3.1,"5.1, 9.6",4,8,"5, 14",6.2,"4.8, 8.7","7, 14"
"TE",15,1.2,5,1.2,1,0.2,"1, 2",4.32692226890756,5.39411764705882,5,4.3,2.9,"1.9, 6.3",3,1,"1, 3",4.6,"1.4, 6.1","12, 21"
"TE",16,1,5,1,1,0,"1, 1",5.30388251454428,5.60714285714286,5,5.3,3.1,"3.3, 7",3,1,"1, 3",4.6,"1.4, 6.1","12, 21"
"TE",17,1.55372505469752,5,2,1,3,"1, 5",4.90328156195945,2.53076923076923,5,4.2,1.2,"2.5, 5.1",3,1,"1, 3",4.6,"1.4, 6.1","12, 21"
"TE",18,1.38999235269936,4,1,1,0,"1, 1",5.39587876360045,7.2625,4,6,1.3,"4.6, 7.3",3,1,"1, 3",4.6,"1.4, 6.1","12, 21"
"TE",19,1.13916509835835,2,1,1,0,"1, 1",4.91381770032125,6.84375,2,5.7,2.8,"4.5, 6.8",3,1,"1, 3",4.6,"1.4, 6.1","12, 21"
"TE",20,0.982665780659528,1,1,1,NA,"1, 1",3.56817824959998,1.36,1,1.4,NA,"1.4, 1.4",3,1,"1, 3",4.6,"1.4, 6.1","12, 21"
"TE",21,0.968407619682704,1,1,1,NA,"1, 1",1.35189565999044,2.16,1,2.2,NA,"2.2, 2.2",3,1,"1, 3",4.6,"1.4, 6.1","12, 21"
"WR",1,75.0807369421537,3,76,78,19,"71, 79",12.2974192383669,11.7285714285714,5,12.8,4.8,"9.8, 15.6",9,73,"70, 75",12.2,"12.2, 12.3","1, 2"
"WR",2,70.376536102373,3,69,58,111,"58, 79",12.1969489386376,14.1058823529412,5,12.3,19.5,"5.3, 17.4",9,73,"70, 75",12.2,"12.2, 12.3","1, 2"
"WR",3,65.8875972906667,4,65.5,78,76.3,"59, 78",12.0684746805718,13.1444444444444,5,10.6,6.8,"6.5, 13.1",13,64,"62, 66",12,"11.9, 12.1","3, 4"
"WR",4,61.6044064773713,4,65.5,81,621.7,"40, 92",11.8961958882567,11.3583333333333,5,12.6,1.1,"11.4, 13.7",13,64,"62, 66",12,"11.9, 12.1","3, 4"
"WR",5,57.5428638149015,3,49.3,45,26.3,"45, 55",11.6929823626369,12.8733333333333,5,11.7,1.7,"10, 12.9",6,56,"54, 58",11.6,"11.4, 11.7","5, 6"
"WR",6,53.6910889335825,3,54.7,74,284.3,"43, 74",11.4399989253355,8.93846153846154,5,11.7,3.9,"8.9, 14.4",6,56,"54, 58",11.6,"11.4, 11.7","5, 6"
"WR",7,50.0512709319736,3,49,44,39,"44, 56",11.1653506575942,13.2888888888889,5,10,4.8,"7.8, 13.3",10,48,"47, 50",11,"10.8, 11.2","7, 8"
"WR",8,46.663329179392,3,59.7,57,21.3,"57, 65",10.8222301616338,15.5,5,11.4,5.6,"9.4, 15.5",10,48,"47, 50",11,"10.8, 11.2","7, 8"
"WR",9,43.5550071893582,2,32.5,37,40.5,"28, 37",10.1934537429849,11.0375,5,10.8,2.1,"8.3, 11.9",8,42,"41, 44",9.9,"9.6, 10.2","9, 10"
"WR",10,40.6950207249276,4,40.2,51,54.2,"35, 51",9.55343752038419,12.5944444444444,5,10.1,4.6,"6.7, 12.6",8,42,"41, 44",9.9,"9.6, 10.2","9, 10"
"WR",11,38.03474752972,3,39,36,117,"30, 51",8.97598096927832,7.16428571428571,5,8.4,1,"7.2, 9.4",2,37,"35, 38",8.7,"8.5, 9","11, 12"
"WR",12,35.2749228609098,4,33.2,30,43.6,"26, 41",8.4870502195829,3.88125,5,7.8,6,"3.9, 10.3",2,37,"35, 38",8.7,"8.5, 9","11, 12"
"WR",13,32.7813391914598,4,31,42,108,"18, 42",8.36907041570264,6.8875,5,7.9,8.5,"5.9, 13",12,32,"31, 33",8.4,"8.4, 8.5","13, 14"
"WR",14,30.9074797177535,5,32.4,36,74.3,"26, 46",8.45162769935259,9.43571428571429,5,9.1,2.1,"7.4, 11",12,32,"31, 33",8.4,"8.4, 8.5","13, 14"
"WR",15,29.4518272729445,4,35.5,46,63,"27, 46",8.55309049857719,6.1,5,7.5,4.4,"4.6, 9.8",16,29,"28, 29",8.7,"8.6, 8.9","15, 21"
"WR",16,28.7040454692818,4,24.5,17,59.7,"17, 35",8.7214397570842,11.9647058823529,5,10.2,5.4,"6.9, 12.6",16,29,"28, 29",8.7,"8.6, 8.9","15, 21"
"WR",17,28.2631533112437,4,29.8,42,70.9,"23, 42",8.87573434752892,6.61666666666667,5,8.1,1.9,"6.6, 10",16,29,"28, 29",8.7,"8.6, 8.9","15, 21"
"WR",18,28.3163913311091,4,18.5,20,13.7,"13, 21",8.76734291936712,6.19230769230769,5,9.8,6.8,"6.2, 12.9",16,29,"28, 29",8.7,"8.6, 8.9","15, 21"
"WR",19,28.3394407571391,5,30.4,46,84.3,"22, 46",8.65458737808397,7.04,5,8.3,17.4,"2.4, 13.2",16,29,"28, 29",8.7,"8.6, 8.9","15, 21"
"WR",20,28.3264245116398,7,31.4,26,97.3,"20, 46",8.62795415538322,5.825,7,8.5,3.6,"5.8, 11.9",16,29,"28, 29",8.7,"8.6, 8.9","15, 21"
"WR",21,28.2179212633484,3,28.7,17,108.3,"17, 37",8.62672800850925,7.00588235294118,3,6.8,0.5,"6, 7.4",16,29,"28, 29",8.7,"8.6, 8.9","15, 21"
"WR",22,26.5555193550581,4,26.2,31,48.2,"16, 31",8.82351753694508,5.8875,5,9.6,7.4,"5.9, 12.3",1,27,"27, 27",8.8,"8.8, 8.8","22, 22"
"WR",23,24.5744482091555,4,28,26,72,"20, 40",9.05514879620367,10.2333333333333,5,8.9,3.6,"6.7, 11.3",18,24,"23, 25",9.2,"9.1, 9.4","23, 24"
"WR",24,22.7846366761866,5,18,15,126.5,"1, 30",9.35650984586423,10.9833333333333,5,10.2,1.2,"8.4, 11",18,24,"23, 25",9.2,"9.1, 9.4","23, 24"
"WR",25,20.8417579313103,5,19.6,25,59.3,"7, 26",9.56570512196168,9.27647058823529,5,8.1,4.1,"5, 10.2",7,20,"19, 21",9.5,"9.4, 9.6","25, 26"
"WR",26,18.9591024944372,5,19.2,19,96.2,"5, 31",9.38978332843046,10.1552941176471,5,9.9,2.6,"7.9, 11.7",7,20,"19, 21",9.5,"9.4, 9.6","25, 26"
"WR",27,17.2013878952647,5,20.2,13,38.7,"13, 26",9.08132698345177,11.74375,5,10.9,9.2,"7, 15",5,16,"14, 17",8.5,"7.8, 9.1","27, 29"
"WR",28,15.6522557266285,5,20.4,8,62.8,"8, 28",8.54391026542217,7.88,5,8,2.9,"6.6, 10.9",5,16,"14, 17",8.5,"7.8, 9.1","27, 29"
"WR",29,14.3281942255132,5,7.8,4,36.7,"1, 17",7.83938318598477,4.02666666666667,5,6.7,9.7,"3.6, 10.3",5,16,"14, 17",8.5,"7.8, 9.1","27, 29"
"WR",30,13.4100340380466,3,10,13,7,"8, 13",7.38322365892921,8.63,5,8.4,1,"7.4, 9.6",15,12,"11, 13",7.6,"7.4, 7.9","30, 34"
"WR",31,12.5754631791253,5,13.8,11,4.7,"11, 16",7.43051759960282,10.2941176470588,5,6.6,8.7,"2.2, 10.3",15,12,"11, 13",7.6,"7.4, 7.9","30, 34"
"WR",32,11.9939386001873,5,12.2,13,86.7,"5, 28",7.55647331126207,9.10625,5,5.8,7.5,"2.5, 9.1",15,12,"11, 13",7.6,"7.4, 7.9","30, 34"
"WR",33,11.5035690828944,5,13.8,6,102.2,"4, 29",7.76937279531148,8.3,5,8.5,4,"6.4, 11.1",15,12,"11, 13",7.6,"7.4, 7.9","30, 34"
"WR",34,10.6689012589951,5,12.6,9,32.3,"5, 18",7.9331031200647,4.95,5,9.5,17.1,"5, 16.2",15,12,"11, 13",7.6,"7.4, 7.9","30, 34"
"WR",35,9.68042451991728,5,9.2,1,24.2,"1, 14",7.63860159467677,9.75555555555556,5,8.4,4.9,"5.9, 11.4",11,8,"7, 10",6.4,"5.6, 7.6","35, 41"
"WR",36,8.69786842462879,5,4.6,7,18.8,"1, 11",7.26286504079668,7.92142857142857,5,7.4,2.3,"6.1, 9.8",11,8,"7, 10",6.4,"5.6, 7.6","35, 41"
"WR",37,8.30155484878174,5,6.6,10,33.3,"1, 15",6.71029737220617,8.41333333333333,5,5.2,11.7,"1.7, 9.3",11,8,"7, 10",6.4,"5.6, 7.6","35, 41"
"WR",38,7.97854961514988,5,10,8,33.5,"2, 18",6.13526111546853,4.60625,5,5.6,0.9,"4.5, 6.5",11,8,"7, 10",6.4,"5.6, 7.6","35, 41"
"WR",39,7.85694513954032,6,10.5,16,45.9,"1, 20",5.84085132075808,8.3125,6,6.2,3.2,"3.2, 8.3",11,8,"7, 10",6.4,"5.6, 7.6","35, 41"
"WR",40,7.70598593551277,4,7,2,12.7,"2, 10",5.66065660585448,5.65,4,5.4,9.9,"1, 8.1",11,8,"7, 10",6.4,"5.6, 7.6","35, 41"
"WR",41,6.87977921943604,5,5.8,5,33.2,"1, 15",5.6369265815389,11.8066666666667,5,6.9,8.4,"4.6, 11.8",11,8,"7, 10",6.4,"5.6, 7.6","35, 41"
"WR",42,5.60291917908379,5,5.8,1,26.2,"1, 14",5.72034848450147,6.9875,5,5.7,6.5,"1.3, 7.7",3,4,"3, 6",5.1,"4.6, 6","42, 56"
"WR",43,4.32824641896456,5,4.4,2,35.8,"1, 15",5.959018261051,4.94,5,4.1,7.7,"1.5, 8.5",3,4,"3, 6",5.1,"4.6, 6","42, 56"
"WR",44,3.86288714078996,5,2.6,1,6.8,"1, 7",6.29993886305004,4.46111111111111,5,7.1,17.9,"2, 11.8",17,3,"3, 4",6.1,"5, 6.6","44, 57"
"WR",45,3.55748613915754,5,4,4,9.5,"1, 9",6.4829638730312,8.5375,5,6.1,7,"3.1, 8.5",17,3,"3, 4",6.1,"5, 6.6","44, 57"
"WR",46,3.20531527728865,5,3,1,4.5,"1, 6",6.55104871524181,8.94444444444444,5,6,3.9,"4.2, 8.9",17,3,"3, 4",6.1,"5, 6.6","44, 57"
"WR",47,2.96771689170469,5,3.2,5,4.2,"1, 5",6.54377137582857,9.6875,5,9.7,12.7,"3.8, 13",17,3,"3, 4",6.1,"5, 6.6","44, 57"
"WR",48,2.62804484788503,5,5.2,1,34.2,"1, 15",6.24219635673821,5.05294117647059,5,5.3,16.4,"0.6, 11.8",17,3,"3, 4",6.1,"5, 6.6","44, 57"
"WR",49,3.04462799804198,5,1.6,4,1.8,"1, 4",5.87468659396084,3.19444444444444,5,5.1,2,"3.2, 6.5",17,3,"3, 4",6.1,"5, 6.6","44, 57"
"WR",50,3.55436351256914,5,1.6,1,0.8,"1, 3",5.43332725526608,8.45,5,5.9,6.5,"2.1, 8.4",3,4,"3, 6",5.1,"4.6, 6","42, 56"
"WR",51,4.03964285186008,5,2.2,1,7.2,"1, 7",5.03114207352435,0.328571428571429,5,3.4,5.6,"0.3, 7",3,4,"3, 6",5.1,"4.6, 6","42, 56"
"WR",52,4.34787018513312,4,5.2,14,37.6,"1, 14",4.80596949487919,4.99846153846154,4,6.4,15.6,"3.2, 12.2",3,4,"3, 6",5.1,"4.6, 6","42, 56"
"WR",53,4.19205830728164,4,13.5,1,280.3,"1, 37",4.64282289623133,0.95,4,3.2,6.8,"1, 6.7",3,4,"3, 6",5.1,"4.6, 6","42, 56"
"WR",54,3.93563229051909,4,1.2,1,0.2,"1, 2",4.68349439228523,5.8875,4,4.4,9,"1.8, 7.8",3,4,"3, 6",5.1,"4.6, 6","42, 56"
"WR",55,3.50830305555229,4,1.8,1,2.2,"1, 4",4.8261652508369,5.73333333333333,4,6.3,1.8,"4.7, 7.7",3,4,"3, 6",5.1,"4.6, 6","42, 56"
"WR",56,3.04339842585162,4,1,1,0,"1, 1",4.9133245217574,3.88666666666667,4,5,1.9,"3.8, 6.6",3,4,"3, 6",5.1,"4.6, 6","42, 56"
"WR",57,2.50233520395139,4,1,1,0,"1, 1",4.95463172554112,6.73684210526316,4,4.9,2,"3.5, 6.7",17,3,"3, 4",6.1,"5, 6.6","44, 57"
"WR",58,1.97389489100926,3,3.3,2,10.3,"1, 7",5.02088423360955,4.74166666666667,3,6,3.3,"4.7, 7.3",14,1,"1, 2",5.3,"5, 6.1","58, 69"
"WR",59,1.6372041722537,3,1.3,2,0.3,"1, 2",5.04627787222445,7.45,3,5.3,3.7,"3.8, 7.5",14,1,"1, 2",5.3,"5, 6.1","58, 69"
"WR",60,1.29306351763044,2,1,1,0,"1, 1",5.0299883332776,1.28,2,3.3,8.1,"1.3, 5.3",14,1,"1, 2",5.3,"5, 6.1","58, 69"
"WR",61,0.992210879991851,2,1,1,0,"1, 1",5.02319034211578,7.6125,2,7.6,0,"7.6, 7.6",14,1,"1, 2",5.3,"5, 6.1","58, 69"
"WR",62,0.785384212190295,2,1,1,0,"1, 1",5.03807827518315,6.8375,2,3.4,23.4,"0, 6.8",14,1,"1, 2",5.3,"5, 6.1","58, 69"
"WR",63,0.668411012209392,2,1,1,0,"1, 1",5.08684650892387,9.22222222222222,2,6.6,14,"3.9, 9.2",14,1,"1, 2",5.3,"5, 6.1","58, 69"
"WR",64,0.598004109215256,2,1,1,0,"1, 1",5.18168941978212,3.69375,2,3.6,0,"3.5, 3.7",14,1,"1, 2",5.3,"5, 6.1","58, 69"
"WR",65,0.566229452833999,1,1,1,NA,"1, 1",5.31665425994615,2.275,1,2.3,NA,"2.3, 2.3",14,1,"1, 2",5.3,"5, 6.1","58, 69"
"WR",66,0.565152992691731,1,1,1,NA,"1, 1",5.47798690191814,2.5,1,2.5,NA,"2.5, 2.5",14,1,"1, 2",5.3,"5, 6.1","58, 69"
"WR",67,0.586840678414564,1,1,1,NA,"1, 1",5.66617965261314,7.3125,1,7.3,NA,"7.3, 7.3",14,1,"1, 2",5.3,"5, 6.1","58, 69"
"WR",68,0.632260093729063,1,1,1,NA,"1, 1",5.88172481894619,6.98125,1,7,NA,"7, 7",14,1,"1, 2",5.3,"5, 6.1","58, 69"
"WR",69,0.70778807015014,1,1,1,NA,"1, 1",6.12511470783235,3.56,1,3.6,NA,"3.6, 3.6",14,1,"1, 2",5.3,"5, 6.1","58, 69"
"WR",70,0.813604428986427,1,1,1,NA,"1, 1",6.39684162618666,6.57857142857143,1,6.6,NA,"6.6, 6.6",4,1,"1, 2",7.1,"6.4, 7.8","70, 74"
"WR",71,0.949888991546557,2,1,1,0,"1, 1",6.69739788092417,9.1625,2,9.2,NA,"9.2, 9.2",4,1,"1, 2",7.1,"6.4, 7.8","70, 74"
"WR",73,1.31458201307287,1,1,1,NA,"1, 1",7.38696762720897,7.175,1,7.2,NA,"7.2, 7.2",4,1,"1, 2",7.1,"6.4, 7.8","70, 74"
"WR",74,1.54335011465633,1,1,1,NA,"1, 1",7.77696573258636,7.95,1,8,NA,"8, 8",4,1,"1, 2",7.1,"6.4, 7.8","70, 74"
